{
    "parent": "block/block",
    "ambientocclusion": true,
    "elements": [
        {
            "from": [ 0, 2, 0 ],
            "to": [ 16, 16, 16 ],
            "faces": {
                "up": {
                    "texture": "#up",
                    "cullface": "up"
                },
                "down": {
                    "texture": "#down",
                    "cullface": "down"
                },
                "north": {
                    "texture": "#north",
                    "cullface": "north"
                },
                "south": {
                    "texture": "#south",
                    "cullface": "south"
                },
                "west": {
                    "texture": "#west",
                    "cullface": "west"
                },
                "east": {
                    "texture": "#east",
                    "cullface": "east"
                }
            }
        },

        {
            "from": [ 0, 0, 0 ],
            "to": [ 16, 2, 2 ],
            "faces": {
                "down": {
                    "texture": "#down",
                    "cullface": "down"
                },
                "north": {
                    "texture": "#north",
                    "cullface": "north"
                },
                "south": {
                    "texture": "#south",
                    "cullface": "down"
                },
                "west": {
                    "texture": "#west",
                    "cullface": "west"
                },
                "east": {
                    "texture": "#east",
                    "cullface": "east"
                }
            }
        },
        {
            "from": [ 0, 0, 0 ],
            "to": [ 2, 2, 16 ],
            "faces": {
                "down": {
                    "texture": "#down",
                    "cullface": "down"
                },
                "north": {
                    "texture": "#north",
                    "cullface": "north"
                },
                "south": {
                    "texture": "#south",
                    "cullface": "south"
                },
                "west": {
                    "texture": "#west",
                    "cullface": "west"
                },
                "east": {
                    "texture": "#east",
                    "cullface": "down"
                }
            }
        },
        {
            "from": [ 14, 0, 0 ],
            "to": [ 16, 2, 16 ],
            "faces": {
                "down": {
                    "texture": "#down",
                    "cullface": "down"
                },
                "north": {
                    "texture": "#north",
                    "cullface": "north"
                },
                "south": {
                    "texture": "#south",
                    "cullface": "south"
                },
                "west": {
                    "texture": "#west",
                    "cullface": "down"
                },
                "east": {
                    "texture": "#east",
                    "cullface": "east"
                }
            }
        },
        {
            "from": [ 0, 0, 14 ],
            "to": [ 16, 2, 16 ],
            "faces": {
                "down": {
                    "texture": "#down",
                    "cullface": "down"
                },
                "north": {
                    "texture": "#north",
                    "cullface": "down"
                },
                "south": {
                    "texture": "#south",
                    "cullface": "south"
                },
                "west": {
                    "texture": "#west",
                    "cullface": "west"
                },
                "east": {
                    "texture": "#east",
                    "cullface": "east"
                }
            }
        },

        {
            "from": [ 6, 0, 4 ],
            "to": [ 10, 2, 12 ],
            "faces": {
                "down": {
                    "texture": "#down",
                    "cullface": "down"
                },
                "north": {
                    "texture": "#north",
                    "cullface": "down"
                },
                "south": {
                    "texture": "#south",
                    "cullface": "down"
                },
                "west": {
                    "texture": "#west",
                    "cullface": "down"
                },
                "east": {
                    "texture": "#east",
                    "cullface": "down"
                }
            }
        },
        {
            "from": [ 4, 0, 6 ],
            "to": [ 12, 2, 10 ],
            "faces": {
                "down": {
                    "texture": "#down",
                    "cullface": "down"
                },
                "north": {
                    "texture": "#north",
                    "cullface": "down"
                },
                "south": {
                    "texture": "#south",
                    "cullface": "down"
                },
                "west": {
                    "texture": "#west",
                    "cullface": "down"
                },
                "east": {
                    "texture": "#east",
                    "cullface": "down"
                }
            }
        },

        {
            "from": [ 2, 16, 2 ],
            "to": [ 6, 18, 6 ],
            "faces": {
                "up": {
                    "texture": "#up",
                    "cullface": "up",
                    "uv": [ 4, 4, 0, 0 ]
                },
                "north": {
                    "texture": "#north",
                    "cullface": "up",
                    "uv": [ 4, 2, 0, 0 ]
                },
                "south": {
                    "texture": "#south",
                    "cullface": "up",
                    "uv": [ 4, 2, 0, 0 ]
                },
                "west": {
                    "texture": "#west",
                    "cullface": "up",
                    "uv": [ 4, 2, 0, 0 ]
                },
                "east": {
                    "texture": "#east",
                    "cullface": "up",
                    "uv": [ 4, 2, 0, 0 ]
                }
            }
        },
        {
            "from": [ 10, 16, 2 ],
            "to": [ 14, 18, 6 ],
            "faces": {
                "up": {
                    "texture": "#up",
                    "cullface": "up",
                    "uv": [ 4, 4, 0, 0 ]
                },
                "north": {
                    "texture": "#north",
                    "cullface": "up",
                    "uv": [ 4, 2, 0, 0 ]
                },
                "south": {
                    "texture": "#south",
                    "cullface": "up",
                    "uv": [ 4, 2, 0, 0 ]
                },
                "west": {
                    "texture": "#west",
                    "cullface": "up",
                    "uv": [ 4, 2, 0, 0 ]
                },
                "east": {
                    "texture": "#east",
                    "cullface": "up",
                    "uv": [ 4, 2, 0, 0 ]
                }
            }
        },
        {
            "from": [ 10, 16, 10 ],
            "to": [ 14, 18, 14 ],
            "faces": {
                "up": {
                    "texture": "#up",
                    "cullface": "up",
                    "uv": [ 4, 4, 0, 0 ]
                },
                "north": {
                    "texture": "#north",
                    "cullface": "up",
                    "uv": [ 4, 2, 0, 0 ]
                },
                "south": {
                    "texture": "#south",
                    "cullface": "up",
                    "uv": [ 4, 2, 0, 0 ]
                },
                "west": {
                    "texture": "#west",
                    "cullface": "up",
                    "uv": [ 4, 2, 0, 0 ]
                },
                "east": {
                    "texture": "#east",
                    "cullface": "up",
                    "uv": [ 4, 2, 0, 0 ]
                }
            }
        },
        {
            "from": [ 2, 16, 10 ],
            "to": [ 6, 18, 14 ],
            "faces": {
                "up": {
                    "texture": "#up",
                    "cullface": "up",
                    "uv": [ 4, 4, 0, 0 ]
                },
                "north": {
                    "texture": "#north",
                    "cullface": "up",
                    "uv": [ 4, 2, 0, 0 ]
                },
                "south": {
                    "texture": "#south",
                    "cullface": "up",
                    "uv": [ 4, 2, 0, 0 ]
                },
                "west": {
                    "texture": "#west",
                    "cullface": "up",
                    "uv": [ 4, 2, 0, 0 ]
                },
                "east": {
                    "texture": "#east",
                    "cullface": "up",
                    "uv": [ 4, 2, 0, 0 ]
                }
            }
        }
    ]
}
