{
    "textures": {
        "particle": "#side"
    },
    "elements": [
        {
            "from": [ 0, 8, 0 ],
            "to": [ 16, 16, 16 ],
            "faces": {
                "down": {
                    "uv": [ 0, 0, 16, 16 ],
                    "texture": "#bottom"
                },
                "up": {
                    "uv": [ 0, 0, 16, 16 ],
                    "texture": "#top",
                    "cullface": "up"
                },
                "north": {
                    "uv": [ 0, 0, 16, 8 ],
                    "texture": "#side",
                    "cullface": "north"
                },
                "south": {
                    "uv": [ 0, 0, 16, 8 ],
                    "texture": "#side",
                    "cullface": "south"
                },
                "west": {
                    "uv": [ 0, 0, 16, 8 ],
                    "texture": "#side",
                    "cullface": "west"
                },
                "east": {
                    "uv": [ 0, 0, 16, 8 ],
                    "texture": "#side",
                    "cullface": "east"
                }
            }
        },
        {
            "from": [ 2, 16, 2 ],
            "to": [ 6, 18, 6 ],
            "faces": {
                "up": {
                    "texture": "#top",
                    "cullface": "up",
                    "uv": [ 4, 4, 0, 0 ]
                },
                "north": {
                    "texture": "#side",
                    "cullface": "up",
                    "uv": [ 4, 2, 0, 0 ]
                },
                "south": {
                    "texture": "#bottom",
                    "cullface": "up",
                    "uv": [ 4, 2, 0, 0 ]
                },
                "west": {
                    "texture": "#side",
                    "cullface": "up",
                    "uv": [ 4, 2, 0, 0 ]
                },
                "east": {
                    "texture": "#side",
                    "cullface": "up",
                    "uv": [ 4, 2, 0, 0 ]
                }
            }
        },
        {
            "from": [ 10, 16, 2 ],
            "to": [ 14, 18, 6 ],
            "faces": {
                "up": {
                    "texture": "#top",
                    "cullface": "up",
                    "uv": [ 4, 4, 0, 0 ]
                },
                "north": {
                    "texture": "#side",
                    "cullface": "up",
                    "uv": [ 4, 2, 0, 0 ]
                },
                "south": {
                    "texture": "#bottom",
                    "cullface": "up",
                    "uv": [ 4, 2, 0, 0 ]
                },
                "west": {
                    "texture": "#side",
                    "cullface": "up",
                    "uv": [ 4, 2, 0, 0 ]
                },
                "east": {
                    "texture": "#side",
                    "cullface": "up",
                    "uv": [ 4, 2, 0, 0 ]
                }
            }
        },
        {
            "from": [ 10, 16, 10 ],
            "to": [ 14, 18, 14 ],
            "faces": {
                "up": {
                    "texture": "#top",
                    "cullface": "up",
                    "uv": [ 4, 4, 0, 0 ]
                },
                "north": {
                    "texture": "#side",
                    "cullface": "up",
                    "uv": [ 4, 2, 0, 0 ]
                },
                "south": {
                    "texture": "#bottom",
                    "cullface": "up",
                    "uv": [ 4, 2, 0, 0 ]
                },
                "west": {
                    "texture": "#side",
                    "cullface": "up",
                    "uv": [ 4, 2, 0, 0 ]
                },
                "east": {
                    "texture": "#side",
                    "cullface": "up",
                    "uv": [ 4, 2, 0, 0 ]
                }
            }
        },
        {
            "from": [ 2, 16, 10 ],
            "to": [ 6, 18, 14 ],
            "faces": {
                "up": {
                    "texture": "#top",
                    "cullface": "up",
                    "uv": [ 4, 4, 0, 0 ]
                },
                "north": {
                    "texture": "#side",
                    "cullface": "up",
                    "uv": [ 4, 2, 0, 0 ]
                },
                "south": {
                    "texture": "#bottom",
                    "cullface": "up",
                    "uv": [ 4, 2, 0, 0 ]
                },
                "west": {
                    "texture": "#side",
                    "cullface": "up",
                    "uv": [ 4, 2, 0, 0 ]
                },
                "east": {
                    "texture": "#side",
                    "cullface": "up",
                    "uv": [ 4, 2, 0, 0 ]
                }
            }
        }
    ]
}
